{
  "best_alpha": 0.0001,
  "best_gamma": 0.0,
  "feature_means": {
    "content_quality": 2.6,
    "educational_value": 1.6,
    "information_density": 2.376923076923077,
    "language_confidence": 0.9967958950079404,
    "length": 1.2153846153846153,
    "pii_absence": 0.8307692307692308,
    "safety": 2.9923076923076923
  },
  "feature_stds": {
    "content_quality": 1.2046421836784873,
    "educational_value": 1.172025345652863,
    "information_density": 0.8469313931686825,
    "language_confidence": 0.01676906600484259,
    "length": 0.8714650889805434,
    "pii_absence": 0.376406129386483,
    "safety": 0.08770580193070292
  },
  "features": {
    "l1_normalization": {
      "mean": {
        "content_quality": 2.6,
        "educational_value": 1.6,
        "information_density": 2.376923076923077,
        "language_confidence": 0.9967958950079404,
        "length": 1.2153846153846153,
        "pii_absence": 0.8307692307692308,
        "safety": 2.9923076923076923
      },
      "p1": {
        "content_quality": 0.0,
        "educational_value": 0.0,
        "information_density": 0.0,
        "language_confidence": 0.8749608993530273,
        "length": 0.0,
        "pii_absence": 0.0,
        "safety": 3.0
      },
      "p99": {
        "content_quality": 4.0,
        "educational_value": 3.0,
        "information_density": 3.0,
        "language_confidence": 1.0000100135803223,
        "length": 3.0,
        "pii_absence": 1.0,
        "safety": 4.0
      },
      "std": {
        "content_quality": 1.2046421836784873,
        "educational_value": 1.172025345652863,
        "information_density": 0.8469313931686825,
        "language_confidence": 0.01676906600484259,
        "length": 0.8714650889805434,
        "pii_absence": 0.376406129386483,
        "safety": 0.08770580193070292
      }
    }
  },
  "join": {
    "dropped_unmatched_finepdf": 0,
    "dropped_unmatched_propella": 0,
    "finepdf_rows": 130,
    "matched_rows": 130,
    "propella_rows": 130
  },
  "label_distribution": {
    "count": 130,
    "max": 1.0,
    "mean": 0.5160361538461539,
    "min": 0.0,
    "quartiles": [
      0.317275,
      0.5153,
      0.721775
    ],
    "std": 0.22290992696390455
  },
  "model_type": "trained_pairwise_linear",
  "validation": {
    "recall_at_10pct": 0.5,
    "recall_at_1pct": 1.0,
    "recall_at_20pct": 0.6666666666666666,
    "recall_at_30pct": 0.75,
    "recall_at_5pct": 1.0
  }
}